Job_Title,Industry,Company_Size,Location,AI_Adoption_Level,Automation_Risk,Required_Skills,Salary_USD,Remote_Friendly,Job_Growth_Projection,Salary_USD_Display
Cybersecurity Analyst,Entertainment,Small,Dubai,Medium,High,UX/UI Design,111392.16524315962,Yes,Growth,"111,392.17$"
Marketing Specialist,Technology,Large,Singapore,Medium,High,Marketing,93792.56246610906,No,Decline,"93,792.56$"
AI Researcher,Technology,Large,Singapore,Medium,High,UX/UI Design,107170.26306894996,Yes,Growth,"107,170.26$"
Sales Manager,Retail,Small,Berlin,Low,High,Project Management,93027.95375786416,No,Growth,"93,027.95$"
Cybersecurity Analyst,Entertainment,Small,Tokyo,Low,Low,JavaScript,87752.92217059238,Yes,Decline,"87,752.92$"
UX Designer,Education,Large,San Francisco,Medium,Medium,Cybersecurity,102825.0078665678,No,Growth,"102,825.01$"
HR Manager,Finance,Medium,Singapore,Low,High,Sales,102065.72067347592,Yes,Growth,"102,065.72$"
Cybersecurity Analyst,Technology,Small,Dubai,Medium,Low,Machine Learning,86607.3176180969,Yes,Decline,"86,607.32$"
AI Researcher,Retail,Large,London,High,Low,JavaScript,75015.86084571481,No,Stable,"75,015.86$"
Sales Manager,Entertainment,Medium,Singapore,High,Low,Cybersecurity,96834.57829480869,Yes,Decline,"96,834.58$"
Marketing Specialist,Finance,Small,London,High,High,Python,91566.97337925188,Yes,Growth,"91,566.97$"
AI Researcher,Entertainment,Medium,Singapore,Medium,High,UX/UI Design,78902.56574458485,No,Growth,"78,902.57$"
AI Researcher,Transportation,Large,San Francisco,High,Medium,Python,73151.99034926406,Yes,Growth,"73,151.99$"
HR Manager,Retail,Small,Paris,Low,High,Cybersecurity,98209.51687788912,Yes,Decline,"98,209.52$"
Product Manager,Finance,Medium,Singapore,High,High,JavaScript,101001.90114055388,Yes,Growth,"101,001.90$"
Sales Manager,Telecommunications,Small,Dubai,High,Low,UX/UI Design,82799.35770690278,No,Growth,"82,799.36$"
Software Engineer,Manufacturing,Medium,Singapore,High,Medium,Machine Learning,78401.25928174148,No,Decline,"78,401.26$"
AI Researcher,Manufacturing,Large,Tokyo,Low,High,Project Management,73394.89621925619,No,Stable,"73,394.90$"
Product Manager,Finance,Large,San Francisco,Medium,High,UX/UI Design,97645.09878289838,Yes,Stable,"97,645.10$"
Software Engineer,Entertainment,Small,Dubai,Low,Low,UX/UI Design,73920.45852718527,Yes,Growth,"73,920.46$"
Sales Manager,Retail,Medium,Sydney,Medium,Low,JavaScript,134822.69138041462,Yes,Decline,"134,822.69$"
Data Scientist,Manufacturing,Small,Dubai,Medium,High,JavaScript,81794.37128058006,Yes,Growth,"81,794.37$"
UX Designer,Retail,Small,Tokyo,High,Medium,Cybersecurity,41495.71444254798,No,Decline,"41,495.71$"
Product Manager,Manufacturing,Medium,Paris,Medium,Medium,Data Analysis,89396.5666674173,Yes,Decline,"89,396.57$"
Operations Manager,Transportation,Medium,San Francisco,Low,Low,UX/UI Design,88539.33040362394,Yes,Stable,"88,539.33$"
Data Scientist,Entertainment,Medium,Sydney,Low,Low,Sales,112234.37135048377,Yes,Stable,"112,234.37$"
UX Designer,Transportation,Large,Tokyo,Medium,High,UX/UI Design,95762.52473455408,No,Decline,"95,762.52$"
HR Manager,Manufacturing,Small,Tokyo,High,Low,Cybersecurity,73323.29633120395,Yes,Growth,"73,323.30$"
Cybersecurity Analyst,Telecommunications,Small,New York,High,High,Marketing,84272.16253006447,Yes,Stable,"84,272.16$"
Marketing Specialist,Telecommunications,Large,San Francisco,Low,Medium,Python,96548.39543301976,Yes,Growth,"96,548.40$"
Operations Manager,Transportation,Medium,Dubai,High,Medium,Project Management,46705.714993791786,Yes,Stable,"46,705.71$"
HR Manager,Telecommunications,Large,London,Medium,High,Data Analysis,116772.434687809,Yes,Stable,"116,772.43$"
Sales Manager,Manufacturing,Large,Paris,Medium,Low,Machine Learning,73376.6022839067,No,Growth,"73,376.60$"
HR Manager,Finance,Large,London,Low,Medium,Machine Learning,118340.87641895234,Yes,Stable,"118,340.88$"
Cybersecurity Analyst,Transportation,Small,Dubai,Medium,Low,Machine Learning,97849.30282253175,Yes,Stable,"97,849.30$"
Sales Manager,Healthcare,Large,Dubai,Low,Medium,JavaScript,102591.88272787948,Yes,Growth,"102,591.88$"
Operations Manager,Entertainment,Small,San Francisco,Medium,High,Machine Learning,112988.46872002544,Yes,Stable,"112,988.47$"
Cybersecurity Analyst,Telecommunications,Small,Dubai,Low,High,Project Management,101462.64105384996,Yes,Stable,"101,462.64$"
Software Engineer,Telecommunications,Small,New York,High,High,Python,103457.72432634902,Yes,Stable,"103,457.72$"
Marketing Specialist,Technology,Medium,Sydney,Medium,Medium,Machine Learning,86711.67119077238,Yes,Growth,"86,711.67$"
Operations Manager,Education,Small,Dubai,Medium,Low,UX/UI Design,97443.3736294419,Yes,Decline,"97,443.37$"
Software Engineer,Transportation,Small,London,Low,Low,UX/UI Design,78250.04370056515,Yes,Growth,"78,250.04$"
UX Designer,Energy,Medium,Dubai,Low,Low,JavaScript,83131.77800824065,Yes,Decline,"83,131.78$"
Operations Manager,Telecommunications,Small,New York,Medium,Medium,Project Management,129293.90095937817,No,Stable,"129,293.90$"
UX Designer,Entertainment,Large,Singapore,Low,Medium,Python,73836.12829899156,No,Decline,"73,836.13$"
Sales Manager,Healthcare,Large,Singapore,Medium,Medium,Data Analysis,93086.3425327256,No,Growth,"93,086.34$"
Software Engineer,Telecommunications,Small,Tokyo,High,Medium,Cybersecurity,92269.38073430952,No,Growth,"92,269.38$"
Marketing Specialist,Healthcare,Medium,Paris,Low,Medium,Python,83784.91056438402,Yes,Stable,"83,784.91$"
Cybersecurity Analyst,Manufacturing,Large,Berlin,Medium,Low,Cybersecurity,100288.01873140877,No,Decline,"100,288.02$"
AI Researcher,Manufacturing,Medium,Sydney,High,Medium,Marketing,101794.44185482766,No,Stable,"101,794.44$"
HR Manager,Education,Medium,Toronto,High,Medium,Cybersecurity,71483.61633704841,Yes,Stable,"71,483.62$"
Data Scientist,Finance,Large,Tokyo,Medium,Low,Sales,92027.13423093104,No,Growth,"92,027.13$"
Marketing Specialist,Energy,Medium,Paris,Low,Medium,UX/UI Design,68352.65322455287,No,Decline,"68,352.65$"
Software Engineer,Technology,Large,Singapore,Medium,Low,Project Management,105770.97236634602,Yes,Decline,"105,770.97$"
AI Researcher,Education,Medium,London,High,Low,Communication,93529.74620725252,Yes,Decline,"93,529.75$"
Marketing Specialist,Retail,Large,Toronto,Medium,High,JavaScript,91646.59773434176,Yes,Decline,"91,646.60$"
Software Engineer,Technology,Small,Paris,Low,High,Sales,103180.62697744806,No,Stable,"103,180.63$"
Product Manager,Transportation,Large,Paris,High,High,Cybersecurity,84489.79419063198,No,Stable,"84,489.79$"
Product Manager,Entertainment,Large,Tokyo,Medium,High,Machine Learning,108280.43918436408,Yes,Growth,"108,280.44$"
UX Designer,Retail,Large,Toronto,Low,Medium,Project Management,71031.10254487729,Yes,Stable,"71,031.10$"
Marketing Specialist,Retail,Large,San Francisco,High,High,Sales,118237.53037789057,No,Stable,"118,237.53$"
Product Manager,Education,Medium,Berlin,Low,Low,JavaScript,78981.77634890293,Yes,Growth,"78,981.78$"
Software Engineer,Finance,Small,San Francisco,High,Medium,UX/UI Design,56076.41864608825,No,Growth,"56,076.42$"
UX Designer,Education,Large,Toronto,Medium,High,Project Management,83429.30183074536,Yes,Growth,"83,429.30$"
Software Engineer,Transportation,Medium,San Francisco,Low,Low,JavaScript,81160.63605491581,Yes,Stable,"81,160.64$"
UX Designer,Telecommunications,Small,New York,High,Medium,Marketing,83278.52027699928,No,Stable,"83,278.52$"
Marketing Specialist,Telecommunications,Small,Singapore,Low,Medium,Marketing,94632.96030967963,Yes,Growth,"94,632.96$"
AI Researcher,Finance,Small,New York,Low,High,JavaScript,111956.84721776543,Yes,Growth,"111,956.85$"
Cybersecurity Analyst,Transportation,Small,Dubai,Medium,Medium,Sales,86165.88172205727,Yes,Growth,"86,165.88$"
Operations Manager,Finance,Large,San Francisco,Low,Low,Project Management,76167.64860362199,No,Stable,"76,167.65$"
AI Researcher,Healthcare,Large,Dubai,High,Medium,Sales,67469.06375432406,Yes,Stable,"67,469.06$"
Sales Manager,Telecommunications,Medium,London,High,Low,Data Analysis,80636.34417381912,Yes,Decline,"80,636.34$"
Software Engineer,Retail,Medium,Sydney,High,Medium,Cybersecurity,52243.50321499295,Yes,Stable,"52,243.50$"
Sales Manager,Energy,Medium,London,High,High,Data Analysis,75497.33812967277,Yes,Stable,"75,497.34$"
AI Researcher,Entertainment,Small,Toronto,Medium,Low,Marketing,114881.07791724372,Yes,Stable,"114,881.08$"
UX Designer,Transportation,Small,Paris,Low,Medium,UX/UI Design,73532.81590843154,Yes,Growth,"73,532.82$"
Operations Manager,Technology,Large,Singapore,Medium,Medium,Python,102574.31721600612,No,Stable,"102,574.32$"
Operations Manager,Finance,Small,San Francisco,Low,Medium,Cybersecurity,65470.358203830205,No,Growth,"65,470.36$"
Data Scientist,Entertainment,Small,Tokyo,Low,Low,Marketing,125421.91798621108,Yes,Decline,"125,421.92$"
Operations Manager,Technology,Small,Sydney,Low,Low,Sales,126752.1346612942,No,Decline,"126,752.13$"
Cybersecurity Analyst,Entertainment,Medium,Berlin,Medium,Low,Sales,101820.43113119752,No,Growth,"101,820.43$"
Operations Manager,Energy,Medium,Berlin,Low,High,Sales,129825.05203287044,Yes,Growth,"129,825.05$"
AI Researcher,Technology,Large,Berlin,Medium,High,UX/UI Design,97115.85949855324,No,Growth,"97,115.86$"
Data Scientist,Education,Small,San Francisco,High,Low,Data Analysis,105370.34228299111,No,Stable,"105,370.34$"
AI Researcher,Manufacturing,Small,Berlin,High,Medium,Python,115238.6775346307,No,Decline,"115,238.68$"
AI Researcher,Education,Large,New York,Low,High,Sales,93594.369061969,No,Growth,"93,594.37$"
HR Manager,Telecommunications,Small,Sydney,Medium,Low,Communication,58952.450768298775,No,Stable,"58,952.45$"
Data Scientist,Manufacturing,Small,New York,High,Medium,Cybersecurity,105779.26710468795,No,Decline,"105,779.27$"
AI Researcher,Education,Medium,Paris,Medium,High,Project Management,80562.80811133073,No,Stable,"80,562.81$"
HR Manager,Manufacturing,Large,Sydney,Medium,Medium,Communication,82049.4035808908,No,Decline,"82,049.40$"
HR Manager,Manufacturing,Large,New York,Low,Medium,Python,95957.8983295738,Yes,Stable,"95,957.90$"
Data Scientist,Retail,Large,Sydney,High,Medium,UX/UI Design,101325.6175943474,Yes,Decline,"101,325.62$"
Sales Manager,Finance,Large,Paris,Low,Medium,Python,93002.69268012435,No,Decline,"93,002.69$"
UX Designer,Finance,Medium,Dubai,Low,High,Project Management,102714.59072314618,No,Stable,"102,714.59$"
Cybersecurity Analyst,Retail,Medium,San Francisco,High,High,Cybersecurity,75862.85731879607,Yes,Growth,"75,862.86$"
UX Designer,Entertainment,Small,San Francisco,High,High,Project Management,89145.92410553433,No,Decline,"89,145.92$"
Operations Manager,Healthcare,Small,Berlin,Medium,Low,JavaScript,106981.70900901742,No,Growth,"106,981.71$"
Cybersecurity Analyst,Entertainment,Small,London,High,High,Cybersecurity,125455.82352873433,Yes,Stable,"125,455.82$"
Operations Manager,Technology,Small,Berlin,Medium,Medium,Python,132528.71177946418,Yes,Growth,"132,528.71$"
AI Researcher,Technology,Medium,Toronto,Medium,High,Sales,98659.53365455465,Yes,Growth,"98,659.53$"
Software Engineer,Manufacturing,Large,New York,Medium,Medium,Python,106800.19653491216,No,Growth,"106,800.20$"
Data Scientist,Education,Medium,Sydney,High,Low,Python,129631.5832963038,No,Growth,"129,631.58$"
Cybersecurity Analyst,Education,Small,London,Low,Medium,Cybersecurity,76583.27926533011,Yes,Growth,"76,583.28$"
Cybersecurity Analyst,Finance,Medium,Paris,Medium,Medium,JavaScript,102593.99705425168,Yes,Decline,"102,594.00$"
AI Researcher,Transportation,Large,Toronto,Low,Medium,Python,105366.85898972292,No,Decline,"105,366.86$"
Sales Manager,Entertainment,Large,Paris,Low,Low,Communication,118957.22872153488,Yes,Decline,"118,957.23$"
HR Manager,Telecommunications,Medium,San Francisco,High,High,Marketing,67257.17238927555,No,Stable,"67,257.17$"
AI Researcher,Energy,Medium,San Francisco,Low,High,Machine Learning,71211.88432398967,No,Growth,"71,211.88$"
Product Manager,Education,Medium,Berlin,Low,Low,Machine Learning,90427.64422209412,Yes,Decline,"90,427.64$"
HR Manager,Energy,Small,New York,High,Medium,Python,97554.55324643273,Yes,Stable,"97,554.55$"
Data Scientist,Manufacturing,Medium,London,Medium,High,Communication,112457.27907467616,No,Decline,"112,457.28$"
HR Manager,Energy,Medium,Singapore,Low,Low,Sales,100350.87551624542,Yes,Decline,"100,350.88$"
Sales Manager,Telecommunications,Medium,Toronto,High,High,UX/UI Design,86971.73539779433,Yes,Growth,"86,971.74$"
HR Manager,Retail,Large,Toronto,Low,Low,UX/UI Design,98329.2288951228,Yes,Stable,"98,329.23$"
Data Scientist,Telecommunications,Large,Berlin,Low,Medium,Cybersecurity,96020.88952548904,Yes,Growth,"96,020.89$"
Sales Manager,Energy,Small,San Francisco,Medium,High,Machine Learning,124900.32859975575,No,Growth,"124,900.33$"
UX Designer,Telecommunications,Small,Berlin,Low,Low,Python,93313.17887137063,No,Decline,"93,313.18$"
Cybersecurity Analyst,Healthcare,Large,Sydney,High,High,UX/UI Design,82338.33172894873,No,Growth,"82,338.33$"
Cybersecurity Analyst,Manufacturing,Large,London,Low,High,Python,98992.1806014366,No,Stable,"98,992.18$"
Operations Manager,Entertainment,Large,New York,Medium,High,Cybersecurity,93969.70638677065,Yes,Growth,"93,969.71$"
UX Designer,Retail,Medium,Dubai,Medium,High,Machine Learning,58580.13288650656,Yes,Growth,"58,580.13$"
UX Designer,Education,Medium,Tokyo,High,Low,Project Management,89686.95876755661,No,Growth,"89,686.96$"
HR Manager,Technology,Large,Tokyo,Medium,Medium,Marketing,87985.23509187989,No,Decline,"87,985.24$"
Cybersecurity Analyst,Entertainment,Medium,Berlin,Low,Low,Marketing,79122.56268441367,Yes,Stable,"79,122.56$"
Data Scientist,Technology,Medium,Sydney,Medium,Low,UX/UI Design,110711.66575245943,No,Decline,"110,711.67$"
Marketing Specialist,Manufacturing,Small,London,High,Low,Marketing,74286.40806776009,No,Decline,"74,286.41$"
Marketing Specialist,Retail,Large,Singapore,Medium,Medium,Project Management,99112.37239049075,Yes,Decline,"99,112.37$"
Sales Manager,Finance,Large,Tokyo,Medium,High,Python,87042.86000312539,No,Decline,"87,042.86$"
Cybersecurity Analyst,Education,Medium,London,Medium,High,Cybersecurity,92153.90011293563,Yes,Decline,"92,153.90$"
Cybersecurity Analyst,Healthcare,Large,New York,High,High,Project Management,98235.72582091736,Yes,Stable,"98,235.73$"
Marketing Specialist,Finance,Small,Paris,Medium,Medium,Cybersecurity,63848.51232217997,No,Growth,"63,848.51$"
Cybersecurity Analyst,Manufacturing,Small,Sydney,Medium,High,Cybersecurity,93833.21783469566,Yes,Decline,"93,833.22$"
HR Manager,Entertainment,Small,San Francisco,Low,Medium,Machine Learning,135778.94979426413,No,Decline,"135,778.95$"
Product Manager,Healthcare,Large,London,High,High,Python,58864.73308242552,Yes,Stable,"58,864.73$"
Software Engineer,Telecommunications,Large,New York,Medium,High,Communication,88847.84072568991,No,Stable,"88,847.84$"
UX Designer,Energy,Large,Singapore,High,Low,Marketing,112464.7864964764,No,Growth,"112,464.79$"
Operations Manager,Healthcare,Large,Dubai,Medium,Medium,Communication,96032.38495907192,No,Stable,"96,032.38$"
Sales Manager,Manufacturing,Large,San Francisco,Medium,Low,Machine Learning,103759.33904232067,Yes,Growth,"103,759.34$"
Product Manager,Transportation,Small,Dubai,Medium,Low,Cybersecurity,42486.67977814768,Yes,Decline,"42,486.68$"
Marketing Specialist,Energy,Medium,Singapore,Low,Low,UX/UI Design,101964.987492599,No,Decline,"101,964.99$"
UX Designer,Technology,Small,New York,Low,Medium,Marketing,74766.23587532803,Yes,Growth,"74,766.24$"
Cybersecurity Analyst,Education,Large,Tokyo,Low,Medium,Marketing,96197.54569166292,No,Stable,"96,197.55$"
Operations Manager,Technology,Small,Dubai,High,High,Python,89411.30538181018,No,Growth,"89,411.31$"
Cybersecurity Analyst,Healthcare,Large,San Francisco,High,Low,JavaScript,135566.66058323265,Yes,Stable,"135,566.66$"
Data Scientist,Technology,Large,Berlin,Low,High,Data Analysis,100933.9064753175,No,Decline,"100,933.91$"
Data Scientist,Manufacturing,Small,Toronto,High,Low,Data Analysis,87747.52341474428,Yes,Stable,"87,747.52$"
Operations Manager,Telecommunications,Large,London,Medium,Medium,Data Analysis,59806.144814928906,No,Growth,"59,806.14$"
Operations Manager,Entertainment,Medium,Tokyo,Medium,Medium,JavaScript,92422.93803699792,Yes,Growth,"92,422.94$"
Marketing Specialist,Education,Large,Dubai,Medium,Medium,Python,106464.57756693644,No,Decline,"106,464.58$"
Operations Manager,Technology,Medium,Paris,Low,Low,JavaScript,88388.96216361554,No,Stable,"88,388.96$"
HR Manager,Technology,Medium,London,High,Medium,Data Analysis,79886.87280125119,Yes,Stable,"79,886.87$"
Cybersecurity Analyst,Healthcare,Large,Berlin,Low,Low,Machine Learning,78548.26672307363,No,Stable,"78,548.27$"
Product Manager,Entertainment,Small,Singapore,High,High,Project Management,100702.8287091064,No,Decline,"100,702.83$"
AI Researcher,Finance,Medium,Toronto,Medium,Low,Cybersecurity,105187.75878618314,Yes,Stable,"105,187.76$"
Operations Manager,Technology,Small,New York,Low,High,JavaScript,117224.20230642238,No,Growth,"117,224.20$"
Sales Manager,Manufacturing,Medium,Berlin,High,Low,Python,70100.00213579283,Yes,Stable,"70,100.00$"
Data Scientist,Transportation,Large,Berlin,High,High,Python,100519.55116835234,No,Decline,"100,519.55$"
HR Manager,Education,Large,Singapore,Medium,Medium,Communication,87565.92091164265,Yes,Stable,"87,565.92$"
UX Designer,Technology,Medium,Sydney,Low,High,Project Management,88155.31590733438,No,Stable,"88,155.32$"
AI Researcher,Manufacturing,Large,Singapore,Low,Medium,UX/UI Design,98036.51708068005,No,Growth,"98,036.52$"
Product Manager,Manufacturing,Medium,Sydney,Low,Medium,Marketing,98153.12507249897,No,Stable,"98,153.13$"
AI Researcher,Education,Large,Sydney,Medium,High,Data Analysis,100575.36211583146,Yes,Growth,"100,575.36$"
Operations Manager,Finance,Small,Tokyo,Low,Low,UX/UI Design,68850.5761560838,Yes,Growth,"68,850.58$"
Marketing Specialist,Manufacturing,Large,Tokyo,Medium,Low,Communication,75003.77185667082,Yes,Decline,"75,003.77$"
Data Scientist,Transportation,Small,San Francisco,Medium,Low,Data Analysis,119717.36551035367,Yes,Growth,"119,717.37$"
Data Scientist,Manufacturing,Large,Dubai,Medium,Low,Project Management,85588.5506503832,No,Growth,"85,588.55$"
UX Designer,Manufacturing,Small,Dubai,High,Low,Communication,96120.28796035792,No,Decline,"96,120.29$"
Marketing Specialist,Manufacturing,Large,New York,Low,Medium,Data Analysis,111093.32624086372,Yes,Growth,"111,093.33$"
Cybersecurity Analyst,Telecommunications,Small,Dubai,Low,Low,Project Management,99268.86144721638,Yes,Decline,"99,268.86$"
Software Engineer,Telecommunications,Medium,Tokyo,Medium,Medium,Sales,100930.45261944078,Yes,Stable,"100,930.45$"
HR Manager,Finance,Medium,San Francisco,Medium,Medium,UX/UI Design,107891.55358487512,No,Decline,"107,891.55$"
Data Scientist,Technology,Small,San Francisco,Low,Medium,UX/UI Design,47666.72478206,Yes,Growth,"47,666.72$"
Sales Manager,Manufacturing,Large,Sydney,Medium,High,Marketing,80200.99689678931,Yes,Decline,"80,201.00$"
Data Scientist,Entertainment,Small,Singapore,Low,High,Project Management,99372.11592999184,No,Growth,"99,372.12$"
AI Researcher,Technology,Large,New York,High,Medium,JavaScript,117752.88614115314,No,Stable,"117,752.89$"
Data Scientist,Finance,Medium,Sydney,Medium,High,Sales,91321.91119311546,Yes,Decline,"91,321.91$"
Data Scientist,Retail,Large,Singapore,Low,Low,Machine Learning,73105.67076487809,No,Stable,"73,105.67$"
Software Engineer,Technology,Medium,Dubai,Medium,Low,Data Analysis,73638.27900778996,Yes,Growth,"73,638.28$"
Software Engineer,Technology,Large,Sydney,Low,Medium,Sales,107677.22406906149,No,Growth,"107,677.22$"
Product Manager,Energy,Large,London,Low,Low,Project Management,85644.52835216226,Yes,Stable,"85,644.53$"
Cybersecurity Analyst,Healthcare,Large,Dubai,Medium,Medium,Cybersecurity,89855.99908419327,Yes,Decline,"89,856.00$"
Sales Manager,Energy,Small,Singapore,High,Medium,Data Analysis,102300.60387544638,Yes,Decline,"102,300.60$"
Data Scientist,Transportation,Small,New York,Low,Low,Python,31969.52634612842,Yes,Growth,"31,969.53$"
Data Scientist,Telecommunications,Medium,Singapore,Low,High,UX/UI Design,130007.35023016162,No,Stable,"130,007.35$"
HR Manager,Telecommunications,Medium,Sydney,Low,Low,Project Management,75378.52329897878,No,Stable,"75,378.52$"
Software Engineer,Healthcare,Small,Sydney,High,Low,Python,94838.72738947145,No,Decline,"94,838.73$"
Sales Manager,Education,Medium,Berlin,High,Medium,Marketing,55906.05973007458,No,Decline,"55,906.06$"
UX Designer,Education,Small,New York,Medium,Medium,Communication,81549.17779189924,Yes,Decline,"81,549.18$"
Product Manager,Finance,Large,Paris,High,Medium,Machine Learning,114893.76092730192,Yes,Stable,"114,893.76$"
Cybersecurity Analyst,Healthcare,Medium,Dubai,Medium,Medium,Machine Learning,51676.65640668242,No,Decline,"51,676.66$"
Marketing Specialist,Technology,Medium,San Francisco,Medium,High,Python,112524.00174378282,No,Decline,"112,524.00$"
Cybersecurity Analyst,Education,Small,New York,High,High,UX/UI Design,84526.07807535231,No,Growth,"84,526.08$"
AI Researcher,Manufacturing,Medium,San Francisco,Medium,High,Marketing,99743.28880440384,No,Decline,"99,743.29$"
Data Scientist,Entertainment,Medium,New York,High,Medium,Cybersecurity,103150.4882697022,No,Decline,"103,150.49$"
Product Manager,Technology,Large,New York,Medium,Medium,UX/UI Design,98828.42998981853,Yes,Stable,"98,828.43$"
AI Researcher,Transportation,Medium,Singapore,High,Medium,Sales,72700.98696738348,Yes,Stable,"72,700.99$"
Sales Manager,Manufacturing,Large,New York,High,High,Machine Learning,82709.01706929953,Yes,Growth,"82,709.02$"
Marketing Specialist,Manufacturing,Small,Berlin,Medium,Medium,Sales,60768.876454983685,No,Decline,"60,768.88$"
Software Engineer,Healthcare,Medium,Paris,Low,Low,Data Analysis,99835.9266317616,No,Growth,"99,835.93$"
Product Manager,Finance,Large,Sydney,Medium,Low,JavaScript,124041.10308031851,No,Stable,"124,041.10$"
Product Manager,Transportation,Small,Toronto,High,Medium,Project Management,53511.18226647075,No,Growth,"53,511.18$"
Data Scientist,Education,Medium,San Francisco,Low,Low,Marketing,74767.0818772393,Yes,Stable,"74,767.08$"
Operations Manager,Healthcare,Small,Sydney,Medium,Low,UX/UI Design,86364.49448234134,Yes,Growth,"86,364.49$"
Product Manager,Education,Medium,Toronto,Medium,High,Machine Learning,93466.82847427108,No,Growth,"93,466.83$"
HR Manager,Healthcare,Small,Paris,Medium,Medium,Sales,107583.52602868852,Yes,Decline,"107,583.53$"
Marketing Specialist,Healthcare,Small,Paris,Low,Medium,Communication,86956.00039284666,Yes,Growth,"86,956.00$"
Marketing Specialist,Healthcare,Large,San Francisco,High,High,Data Analysis,83680.825471087,No,Decline,"83,680.83$"
HR Manager,Finance,Small,San Francisco,Medium,Low,Project Management,112062.6141213948,No,Decline,"112,062.61$"
UX Designer,Healthcare,Medium,Paris,Medium,Low,Project Management,103239.91134126612,No,Decline,"103,239.91$"
HR Manager,Retail,Medium,Toronto,Medium,Medium,UX/UI Design,100779.55951402197,No,Decline,"100,779.56$"
HR Manager,Entertainment,Large,New York,Medium,Low,Marketing,92250.31423176228,No,Growth,"92,250.31$"
Marketing Specialist,Education,Medium,Dubai,Medium,High,Cybersecurity,109663.04421839718,No,Stable,"109,663.04$"
Cybersecurity Analyst,Technology,Medium,London,High,High,Communication,76873.81217539468,Yes,Stable,"76,873.81$"
Marketing Specialist,Energy,Medium,Sydney,High,Medium,UX/UI Design,74146.11435627844,Yes,Stable,"74,146.11$"
Operations Manager,Transportation,Small,Singapore,Medium,High,Sales,104922.01973738648,No,Growth,"104,922.02$"
Data Scientist,Telecommunications,Small,Sydney,Low,High,JavaScript,57499.28061506184,Yes,Decline,"57,499.28$"
AI Researcher,Finance,Medium,Singapore,High,Medium,Python,91843.59019272974,No,Stable,"91,843.59$"
Cybersecurity Analyst,Technology,Large,Toronto,Low,High,Cybersecurity,83668.83295474976,No,Growth,"83,668.83$"
Software Engineer,Manufacturing,Small,Singapore,High,High,Marketing,61884.90538694088,No,Decline,"61,884.91$"
AI Researcher,Retail,Large,San Francisco,Medium,High,Data Analysis,71374.64840567471,No,Stable,"71,374.65$"
Data Scientist,Telecommunications,Medium,Dubai,High,Low,Cybersecurity,87820.47815409301,Yes,Decline,"87,820.48$"
Operations Manager,Energy,Medium,Dubai,Medium,Medium,Machine Learning,110679.26512998046,No,Stable,"110,679.27$"
Operations Manager,Technology,Small,San Francisco,High,Medium,Marketing,76940.84017484378,Yes,Stable,"76,940.84$"
Software Engineer,Telecommunications,Medium,Berlin,Medium,Medium,JavaScript,114267.62799809988,No,Stable,"114,267.63$"
Cybersecurity Analyst,Technology,Small,Toronto,Medium,Low,Machine Learning,91263.58455113032,No,Decline,"91,263.58$"
UX Designer,Retail,Medium,Berlin,Medium,Low,Cybersecurity,116207.69404339942,No,Growth,"116,207.69$"
HR Manager,Energy,Medium,Berlin,Medium,Medium,Python,77910.16782439903,Yes,Decline,"77,910.17$"
Cybersecurity Analyst,Manufacturing,Small,Sydney,Low,Low,Python,89023.80823789263,No,Stable,"89,023.81$"
UX Designer,Healthcare,Small,Paris,Medium,Medium,JavaScript,97369.6720667399,No,Decline,"97,369.67$"
Operations Manager,Education,Small,Sydney,Low,Low,Project Management,86409.79074516977,No,Growth,"86,409.79$"
Marketing Specialist,Manufacturing,Medium,Paris,Low,High,Communication,109060.48294290472,Yes,Decline,"109,060.48$"
Data Scientist,Healthcare,Medium,London,Medium,High,Data Analysis,45848.72549419468,Yes,Growth,"45,848.73$"
Software Engineer,Finance,Large,Singapore,Low,Medium,Project Management,138448.1107757988,Yes,Growth,"138,448.11$"
Data Scientist,Entertainment,Small,Paris,High,Low,Python,107155.49213990325,No,Decline,"107,155.49$"
Sales Manager,Transportation,Medium,San Francisco,Medium,Low,Python,86529.36341929967,Yes,Stable,"86,529.36$"
Sales Manager,Transportation,Medium,Sydney,Low,High,Sales,78953.56652845311,No,Growth,"78,953.57$"
Cybersecurity Analyst,Education,Small,Toronto,Medium,High,Machine Learning,72671.58777102892,Yes,Decline,"72,671.59$"
Operations Manager,Energy,Large,Singapore,Medium,Low,Cybersecurity,102912.30948339474,Yes,Growth,"102,912.31$"
Operations Manager,Retail,Small,London,Medium,Low,Data Analysis,109899.63337584709,No,Stable,"109,899.63$"
HR Manager,Energy,Large,Paris,Low,Low,JavaScript,86749.477437402,Yes,Decline,"86,749.48$"
HR Manager,Retail,Medium,London,High,Low,Cybersecurity,112139.80825957004,No,Decline,"112,139.81$"
HR Manager,Energy,Large,Toronto,High,Low,Sales,71854.79906477756,No,Decline,"71,854.80$"
Marketing Specialist,Entertainment,Medium,Berlin,Low,Low,Python,68323.78300026328,Yes,Stable,"68,323.78$"
AI Researcher,Finance,Small,Dubai,Medium,Medium,JavaScript,126266.82410491098,No,Growth,"126,266.82$"
Product Manager,Finance,Small,Toronto,Low,Low,Python,101822.17227077084,No,Decline,"101,822.17$"
AI Researcher,Healthcare,Small,Tokyo,Low,High,Data Analysis,117936.96403626657,Yes,Growth,"117,936.96$"
Data Scientist,Telecommunications,Large,Toronto,Low,Medium,Machine Learning,72921.20583224614,Yes,Growth,"72,921.21$"
AI Researcher,Finance,Medium,London,Medium,Low,Cybersecurity,71529.49216462541,No,Stable,"71,529.49$"
Marketing Specialist,Finance,Small,San Francisco,Low,High,Cybersecurity,82827.81361084916,Yes,Decline,"82,827.81$"
Data Scientist,Manufacturing,Small,Sydney,Medium,Medium,Project Management,73518.82316921977,No,Growth,"73,518.82$"
AI Researcher,Manufacturing,Medium,San Francisco,Low,High,JavaScript,104107.30420456902,No,Decline,"104,107.30$"
Marketing Specialist,Healthcare,Small,London,High,Low,Communication,74977.47886147109,Yes,Decline,"74,977.48$"
Product Manager,Telecommunications,Medium,Sydney,Low,Low,Sales,66566.60283865419,Yes,Stable,"66,566.60$"
AI Researcher,Education,Medium,Tokyo,Low,Low,Communication,92840.30824510464,Yes,Decline,"92,840.31$"
Marketing Specialist,Manufacturing,Medium,Dubai,High,Low,Project Management,64200.27648349573,Yes,Decline,"64,200.28$"
HR Manager,Education,Medium,Singapore,Medium,Medium,Data Analysis,54010.72137049221,No,Growth,"54,010.72$"
Operations Manager,Technology,Medium,London,Medium,Medium,Sales,92665.14467722556,No,Stable,"92,665.14$"
HR Manager,Manufacturing,Large,Paris,Low,High,Machine Learning,55015.5991397958,Yes,Decline,"55,015.60$"
Operations Manager,Entertainment,Small,London,High,Low,Communication,105505.58792590846,Yes,Growth,"105,505.59$"
Software Engineer,Telecommunications,Large,London,Medium,High,Machine Learning,62093.32547494408,No,Stable,"62,093.33$"
Software Engineer,Healthcare,Small,Sydney,Low,Medium,Communication,45186.52427160505,No,Stable,"45,186.52$"
Software Engineer,Technology,Large,New York,High,Low,Machine Learning,84124.06699718411,No,Growth,"84,124.07$"
Product Manager,Telecommunications,Medium,Toronto,Medium,Low,Communication,92891.89006592968,No,Growth,"92,891.89$"
HR Manager,Entertainment,Small,New York,Medium,Medium,Machine Learning,99829.50127363882,Yes,Growth,"99,829.50$"
Operations Manager,Telecommunications,Small,Tokyo,High,Medium,Project Management,93440.31398031706,No,Growth,"93,440.31$"
Marketing Specialist,Entertainment,Large,Paris,High,Medium,Marketing,68813.74757764515,No,Growth,"68,813.75$"
Data Scientist,Entertainment,Large,Dubai,High,Medium,Sales,104261.22361853208,Yes,Decline,"104,261.22$"
Marketing Specialist,Education,Small,Berlin,High,Medium,JavaScript,109202.77012959492,No,Decline,"109,202.77$"
Data Scientist,Energy,Large,Tokyo,Low,Low,Data Analysis,65884.75743088922,No,Stable,"65,884.76$"
Sales Manager,Technology,Large,Berlin,High,Medium,UX/UI Design,86379.87722680772,Yes,Decline,"86,379.88$"
Marketing Specialist,Telecommunications,Large,Berlin,Medium,Low,Python,84511.1994578196,Yes,Decline,"84,511.20$"
AI Researcher,Retail,Medium,Dubai,Medium,Low,JavaScript,94407.63165576068,Yes,Decline,"94,407.63$"
AI Researcher,Technology,Medium,San Francisco,Low,Medium,Python,85901.52416451782,No,Growth,"85,901.52$"
Cybersecurity Analyst,Energy,Large,New York,Medium,Medium,Sales,88642.44455854046,No,Stable,"88,642.44$"
HR Manager,Technology,Large,London,Medium,Low,JavaScript,102836.31060483382,Yes,Stable,"102,836.31$"
Data Scientist,Finance,Medium,Singapore,High,Medium,Machine Learning,67722.93800797733,Yes,Stable,"67,722.94$"
Data Scientist,Retail,Medium,Berlin,Medium,Medium,Machine Learning,104747.46270521649,No,Stable,"104,747.46$"
HR Manager,Energy,Small,Paris,Low,Medium,UX/UI Design,112822.65463062502,Yes,Decline,"112,822.65$"
Product Manager,Education,Small,Tokyo,High,High,Python,122682.69986977737,Yes,Decline,"122,682.70$"
Cybersecurity Analyst,Telecommunications,Medium,San Francisco,High,Low,Data Analysis,47132.65351725282,Yes,Growth,"47,132.65$"
Product Manager,Transportation,Large,Berlin,Low,High,Sales,86341.96685769563,No,Stable,"86,341.97$"
Product Manager,Energy,Large,San Francisco,High,Medium,Machine Learning,50697.98851292822,No,Decline,"50,697.99$"
Product Manager,Healthcare,Large,San Francisco,High,High,Marketing,41298.72620454353,No,Decline,"41,298.73$"
HR Manager,Telecommunications,Large,Berlin,Low,Medium,Project Management,92881.86095214955,No,Growth,"92,881.86$"
Product Manager,Energy,Small,Sydney,High,High,Project Management,82016.96414299277,No,Growth,"82,016.96$"
AI Researcher,Finance,Medium,Toronto,Low,Medium,Communication,95997.01903541492,No,Growth,"95,997.02$"
Software Engineer,Transportation,Large,Paris,Low,High,Data Analysis,99722.55380174633,Yes,Decline,"99,722.55$"
Sales Manager,Finance,Small,London,Medium,High,Project Management,114957.91916215842,No,Decline,"114,957.92$"
Data Scientist,Transportation,Large,London,Medium,High,Communication,91078.4085061156,No,Growth,"91,078.41$"
Data Scientist,Healthcare,Medium,Paris,High,Low,Python,148467.11234638176,Yes,Stable,"148,467.11$"
Sales Manager,Telecommunications,Small,Sydney,High,High,Machine Learning,96128.19709970424,No,Growth,"96,128.20$"
HR Manager,Education,Medium,London,Low,Low,Machine Learning,126849.58089134425,No,Growth,"126,849.58$"
Marketing Specialist,Finance,Medium,San Francisco,High,Medium,Marketing,43343.24398951503,Yes,Growth,"43,343.24$"
HR Manager,Finance,Small,Dubai,Low,High,JavaScript,116994.7905910125,Yes,Growth,"116,994.79$"
Data Scientist,Entertainment,Small,Tokyo,Low,Medium,Project Management,86384.7902040888,Yes,Decline,"86,384.79$"
Data Scientist,Transportation,Small,New York,High,Medium,Python,51033.05481145457,No,Stable,"51,033.05$"
Sales Manager,Manufacturing,Small,London,Low,High,Cybersecurity,98410.9021845624,Yes,Growth,"98,410.90$"
Product Manager,Telecommunications,Small,Paris,Medium,Low,Project Management,83940.88924031366,No,Stable,"83,940.89$"
HR Manager,Transportation,Small,Dubai,High,High,Data Analysis,101601.06496896283,No,Stable,"101,601.06$"
Operations Manager,Entertainment,Small,Berlin,Medium,Medium,JavaScript,110221.52915102156,No,Stable,"110,221.53$"
Sales Manager,Technology,Large,Toronto,High,Medium,Project Management,60216.99766476808,No,Growth,"60,217.00$"
AI Researcher,Transportation,Medium,Paris,Low,High,Python,110298.37964910315,Yes,Decline,"110,298.38$"
Data Scientist,Education,Small,San Francisco,High,Low,Project Management,90129.58968441431,Yes,Growth,"90,129.59$"
Sales Manager,Telecommunications,Large,Toronto,Medium,Low,Data Analysis,117056.82349386544,No,Stable,"117,056.82$"
HR Manager,Entertainment,Large,Tokyo,Low,Medium,Cybersecurity,85897.03542004264,Yes,Stable,"85,897.04$"
Data Scientist,Technology,Large,Tokyo,High,Medium,Sales,80591.82214937158,No,Decline,"80,591.82$"
Marketing Specialist,Retail,Medium,Sydney,High,Low,UX/UI Design,90541.08081377904,No,Growth,"90,541.08$"
Sales Manager,Entertainment,Small,Singapore,High,High,Cybersecurity,92037.21412759706,No,Stable,"92,037.21$"
Cybersecurity Analyst,Retail,Large,Sydney,Medium,Medium,Communication,76744.30397016529,Yes,Decline,"76,744.30$"
Data Scientist,Telecommunications,Medium,Dubai,Medium,Low,Project Management,80073.90538089433,No,Stable,"80,073.91$"
HR Manager,Finance,Medium,Toronto,High,Medium,Machine Learning,65462.48930972422,No,Decline,"65,462.49$"
Software Engineer,Entertainment,Medium,Singapore,Low,High,Marketing,81307.09820419611,Yes,Decline,"81,307.10$"
Operations Manager,Healthcare,Large,Berlin,Low,Low,Machine Learning,103526.20119995158,Yes,Growth,"103,526.20$"
UX Designer,Retail,Small,San Francisco,Medium,Medium,Cybersecurity,87252.91652187712,Yes,Stable,"87,252.92$"
Product Manager,Education,Large,Toronto,Low,High,Machine Learning,110181.30592094656,Yes,Growth,"110,181.31$"
UX Designer,Healthcare,Large,Sydney,Medium,Medium,Python,86291.41064693853,No,Stable,"86,291.41$"
HR Manager,Energy,Small,New York,High,High,Machine Learning,61369.64004553371,Yes,Growth,"61,369.64$"
AI Researcher,Energy,Small,Singapore,Medium,High,JavaScript,101945.49775113164,No,Stable,"101,945.50$"
AI Researcher,Technology,Small,Singapore,Medium,Low,Sales,76527.53717933195,Yes,Growth,"76,527.54$"
Software Engineer,Finance,Medium,San Francisco,High,High,Project Management,85332.65422472931,Yes,Decline,"85,332.65$"
Product Manager,Telecommunications,Small,London,Low,Medium,Machine Learning,114751.44094968236,Yes,Stable,"114,751.44$"
Cybersecurity Analyst,Entertainment,Large,Tokyo,Medium,High,Data Analysis,66782.59080556972,Yes,Stable,"66,782.59$"
Software Engineer,Manufacturing,Small,Tokyo,Medium,High,Sales,93294.8757492877,Yes,Decline,"93,294.88$"
UX Designer,Education,Large,New York,High,Low,Sales,89189.63299928416,Yes,Growth,"89,189.63$"
Software Engineer,Retail,Medium,Dubai,Low,High,Machine Learning,104018.51430874206,No,Stable,"104,018.51$"
UX Designer,Telecommunications,Large,Dubai,Medium,High,Sales,107103.06730964044,Yes,Stable,"107,103.07$"
Data Scientist,Healthcare,Large,Berlin,High,Medium,Marketing,95276.78008497784,Yes,Growth,"95,276.78$"
AI Researcher,Energy,Small,Toronto,Medium,Low,Machine Learning,82792.507068392,Yes,Decline,"82,792.51$"
Data Scientist,Education,Small,Paris,High,Low,Python,99467.4500805192,Yes,Growth,"99,467.45$"
Operations Manager,Manufacturing,Large,London,Low,Low,Cybersecurity,116713.11794289124,No,Growth,"116,713.12$"
Product Manager,Entertainment,Small,Sydney,Low,High,JavaScript,89454.20120720599,Yes,Growth,"89,454.20$"
Cybersecurity Analyst,Technology,Medium,Paris,Low,Low,UX/UI Design,84654.87771153946,Yes,Stable,"84,654.88$"
UX Designer,Manufacturing,Medium,Paris,Low,High,Communication,97763.4051533598,Yes,Decline,"97,763.41$"
Cybersecurity Analyst,Education,Small,Singapore,Medium,High,Sales,90774.54040739224,Yes,Decline,"90,774.54$"
UX Designer,Manufacturing,Medium,New York,Medium,Medium,Python,63245.81152164402,No,Growth,"63,245.81$"
HR Manager,Education,Small,Tokyo,Low,Medium,Project Management,94786.61600794963,Yes,Stable,"94,786.62$"
Software Engineer,Education,Large,Berlin,Low,Medium,Project Management,63064.75182472472,No,Growth,"63,064.75$"
Operations Manager,Transportation,Large,Dubai,Low,Medium,Communication,97489.6129281689,Yes,Stable,"97,489.61$"
AI Researcher,Retail,Medium,New York,Medium,Medium,JavaScript,74057.14551186866,No,Stable,"74,057.15$"
UX Designer,Energy,Small,Singapore,Low,High,Sales,90737.49608372692,No,Stable,"90,737.50$"
Cybersecurity Analyst,Transportation,Small,Sydney,Low,High,Marketing,97811.87812398472,Yes,Stable,"97,811.88$"
Operations Manager,Entertainment,Medium,Berlin,Low,Low,Communication,139078.06691887142,Yes,Decline,"139,078.07$"
Marketing Specialist,Transportation,Large,Singapore,High,High,JavaScript,104854.99923573848,No,Stable,"104,855.00$"
Marketing Specialist,Finance,Medium,Tokyo,Low,High,Sales,117295.97619484668,No,Stable,"117,295.98$"
Data Scientist,Finance,Large,Tokyo,High,Medium,Python,127434.9563738785,Yes,Growth,"127,434.96$"
AI Researcher,Energy,Small,Tokyo,High,High,Cybersecurity,99785.1183399889,No,Growth,"99,785.12$"
HR Manager,Manufacturing,Large,New York,Low,Medium,Marketing,95713.796005344,No,Decline,"95,713.80$"
Cybersecurity Analyst,Retail,Medium,New York,High,Low,UX/UI Design,68665.57782347569,No,Growth,"68,665.58$"
Software Engineer,Energy,Small,Dubai,Low,Low,Project Management,87667.40135199211,Yes,Stable,"87,667.40$"
Software Engineer,Education,Medium,Dubai,Medium,High,Data Analysis,75538.24540728275,No,Growth,"75,538.25$"
Cybersecurity Analyst,Healthcare,Medium,Sydney,Medium,Low,Python,81978.82299751228,No,Decline,"81,978.82$"
Product Manager,Retail,Large,Berlin,Medium,High,Project Management,127413.26752384935,No,Growth,"127,413.27$"
HR Manager,Retail,Medium,San Francisco,Medium,Low,Machine Learning,92292.4301839998,Yes,Growth,"92,292.43$"
Operations Manager,Education,Large,San Francisco,High,Medium,Data Analysis,72482.00844567783,Yes,Decline,"72,482.01$"
UX Designer,Education,Small,Singapore,Low,Medium,Project Management,117490.66909382609,No,Decline,"117,490.67$"
Product Manager,Technology,Large,Tokyo,Low,Medium,JavaScript,109105.50952474898,Yes,Stable,"109,105.51$"
UX Designer,Energy,Small,Berlin,Low,Medium,Marketing,110153.06985200792,No,Growth,"110,153.07$"
UX Designer,Education,Large,Paris,Medium,High,Project Management,49877.3959379521,Yes,Stable,"49,877.40$"
Product Manager,Finance,Medium,New York,Medium,Low,UX/UI Design,128973.41915442972,Yes,Growth,"128,973.42$"
Data Scientist,Entertainment,Large,Toronto,Low,High,Cybersecurity,78829.70515812226,No,Growth,"78,829.71$"
Marketing Specialist,Healthcare,Large,London,Medium,Medium,JavaScript,105559.0954558551,Yes,Stable,"105,559.10$"
UX Designer,Energy,Small,Sydney,Low,High,Python,140475.99581234064,Yes,Growth,"140,476.00$"
Product Manager,Telecommunications,Medium,Tokyo,Low,Low,Python,133106.65496381235,Yes,Growth,"133,106.65$"
Product Manager,Finance,Large,Tokyo,Low,High,Python,70448.75749054627,No,Growth,"70,448.76$"
Sales Manager,Manufacturing,Medium,Tokyo,Low,Low,Python,61109.65325995454,Yes,Decline,"61,109.65$"
Data Scientist,Education,Large,New York,Low,High,Cybersecurity,118606.93197695856,Yes,Stable,"118,606.93$"
AI Researcher,Telecommunications,Large,New York,Low,Low,Project Management,92841.11623188,No,Decline,"92,841.12$"
Sales Manager,Education,Medium,London,Low,Low,Sales,79982.3711739584,Yes,Stable,"79,982.37$"
Sales Manager,Retail,Large,Paris,Medium,Medium,Project Management,102424.37093878096,Yes,Stable,"102,424.37$"
Cybersecurity Analyst,Finance,Medium,Berlin,Low,Low,Machine Learning,86742.40845081118,Yes,Growth,"86,742.41$"
Marketing Specialist,Retail,Large,Tokyo,Low,Medium,Marketing,104026.48274097488,Yes,Stable,"104,026.48$"
Product Manager,Technology,Small,San Francisco,Medium,Medium,Data Analysis,91339.63615637466,Yes,Decline,"91,339.64$"
Marketing Specialist,Retail,Medium,Dubai,Medium,Medium,Sales,104447.75856656334,No,Decline,"104,447.76$"
HR Manager,Technology,Large,San Francisco,Medium,High,Sales,72109.34621727222,No,Decline,"72,109.35$"
Cybersecurity Analyst,Technology,Large,Singapore,Low,High,Project Management,118489.24026265267,Yes,Stable,"118,489.24$"
AI Researcher,Telecommunications,Small,San Francisco,High,High,Sales,103952.46741464877,Yes,Decline,"103,952.47$"
Marketing Specialist,Education,Medium,Singapore,High,High,Communication,102925.94738807144,Yes,Stable,"102,925.95$"
Software Engineer,Manufacturing,Large,Toronto,Medium,Low,Communication,67646.60145976013,No,Decline,"67,646.60$"
UX Designer,Retail,Small,Dubai,High,Low,Machine Learning,123992.64833288494,No,Decline,"123,992.65$"
HR Manager,Finance,Large,San Francisco,Medium,High,Data Analysis,89725.67801267463,Yes,Stable,"89,725.68$"
Data Scientist,Technology,Medium,Toronto,Low,Low,UX/UI Design,104560.97724859684,Yes,Decline,"104,560.98$"
AI Researcher,Education,Large,Sydney,High,Low,Cybersecurity,83543.51072506783,No,Growth,"83,543.51$"
HR Manager,Healthcare,Large,Berlin,Low,Medium,Project Management,95217.78129364197,Yes,Stable,"95,217.78$"
UX Designer,Energy,Large,Toronto,High,Medium,Cybersecurity,95942.54704238808,No,Stable,"95,942.55$"
Cybersecurity Analyst,Telecommunications,Large,Berlin,Low,Medium,UX/UI Design,33601.38135993158,No,Stable,"33,601.38$"
UX Designer,Manufacturing,Small,San Francisco,High,Medium,Project Management,101648.96249309662,Yes,Growth,"101,648.96$"
Sales Manager,Transportation,Small,Paris,Low,Low,Project Management,129306.82923444168,No,Stable,"129,306.83$"
UX Designer,Telecommunications,Medium,Toronto,Low,High,Data Analysis,100795.60517983914,Yes,Decline,"100,795.61$"
Sales Manager,Healthcare,Small,Dubai,High,Low,Cybersecurity,70845.83502220524,Yes,Decline,"70,845.84$"
Cybersecurity Analyst,Energy,Small,San Francisco,Low,Low,Communication,102999.23132307774,Yes,Decline,"102,999.23$"
Operations Manager,Healthcare,Medium,Tokyo,Low,Low,Python,111189.61060346678,Yes,Stable,"111,189.61$"
Sales Manager,Retail,Small,New York,Low,Medium,Cybersecurity,100249.33032380774,Yes,Decline,"100,249.33$"
Data Scientist,Technology,Small,Toronto,High,Medium,Marketing,88517.45787139912,Yes,Stable,"88,517.46$"
UX Designer,Manufacturing,Medium,Dubai,High,Medium,Marketing,85157.01548352139,No,Decline,"85,157.02$"
UX Designer,Entertainment,Medium,Sydney,Low,High,Project Management,85073.80489266386,No,Growth,"85,073.80$"
Data Scientist,Technology,Medium,Tokyo,Low,Low,Python,103955.53802022424,No,Growth,"103,955.54$"
Software Engineer,Entertainment,Large,Sydney,High,High,JavaScript,61857.52009880744,No,Growth,"61,857.52$"
Product Manager,Energy,Large,San Francisco,High,Medium,UX/UI Design,82562.53678289187,Yes,Growth,"82,562.54$"
Operations Manager,Education,Medium,New York,Low,High,Machine Learning,121912.19646021895,No,Stable,"121,912.20$"
AI Researcher,Transportation,Medium,Toronto,Low,Low,Python,122683.90533154352,No,Decline,"122,683.91$"
Sales Manager,Finance,Medium,Toronto,Low,Low,Machine Learning,60437.05824396676,No,Growth,"60,437.06$"
Data Scientist,Technology,Large,Paris,Medium,Medium,Cybersecurity,67371.72777472783,Yes,Stable,"67,371.73$"
Cybersecurity Analyst,Manufacturing,Large,Paris,High,Medium,Cybersecurity,84587.58840944126,No,Growth,"84,587.59$"
Sales Manager,Healthcare,Small,San Francisco,Medium,High,Machine Learning,107851.79034228704,Yes,Growth,"107,851.79$"
Product Manager,Manufacturing,Small,San Francisco,High,Medium,UX/UI Design,53450.51291894019,No,Stable,"53,450.51$"
Cybersecurity Analyst,Energy,Medium,New York,High,Medium,Python,88903.82730165044,Yes,Stable,"88,903.83$"
HR Manager,Entertainment,Large,Paris,High,Low,JavaScript,80516.4168684071,Yes,Decline,"80,516.42$"
UX Designer,Healthcare,Large,Dubai,High,Medium,Project Management,116519.29348570466,No,Decline,"116,519.29$"
HR Manager,Finance,Large,Dubai,High,Medium,Data Analysis,56461.83052061492,Yes,Growth,"56,461.83$"
Sales Manager,Finance,Medium,New York,High,Low,Cybersecurity,91850.81230987245,Yes,Growth,"91,850.81$"
Product Manager,Technology,Small,Dubai,High,Low,Marketing,82127.81125302812,No,Decline,"82,127.81$"
Operations Manager,Energy,Medium,Singapore,Medium,High,UX/UI Design,119395.97852554575,No,Decline,"119,395.98$"
Sales Manager,Education,Small,Berlin,Low,Medium,Data Analysis,101953.052927065,No,Stable,"101,953.05$"
Data Scientist,Energy,Small,New York,Low,Low,JavaScript,78283.6868148453,Yes,Decline,"78,283.69$"
Marketing Specialist,Entertainment,Medium,New York,Medium,High,Sales,107067.72886658164,Yes,Decline,"107,067.73$"
Sales Manager,Manufacturing,Small,London,Medium,High,Project Management,82223.42293382852,Yes,Growth,"82,223.42$"
UX Designer,Finance,Small,Tokyo,Medium,Medium,Cybersecurity,109986.59422479507,No,Decline,"109,986.59$"
UX Designer,Manufacturing,Large,Tokyo,Medium,Medium,Project Management,85258.46018228843,Yes,Growth,"85,258.46$"
Sales Manager,Manufacturing,Small,Singapore,High,High,Data Analysis,111093.33157537528,Yes,Decline,"111,093.33$"
Cybersecurity Analyst,Manufacturing,Medium,Paris,Low,Low,Project Management,98721.639102545,Yes,Stable,"98,721.64$"
Marketing Specialist,Finance,Medium,San Francisco,High,High,Sales,155209.82161382848,Yes,Decline,"155,209.82$"
Data Scientist,Telecommunications,Small,San Francisco,Low,Medium,Data Analysis,88942.07989167991,Yes,Decline,"88,942.08$"
Sales Manager,Retail,Large,Sydney,Low,Low,Cybersecurity,97657.24583242898,Yes,Decline,"97,657.25$"
Cybersecurity Analyst,Entertainment,Large,Singapore,Medium,Low,Python,80411.50516568137,Yes,Growth,"80,411.51$"
UX Designer,Telecommunications,Small,New York,High,High,Marketing,90053.70681509557,No,Stable,"90,053.71$"
UX Designer,Entertainment,Small,Singapore,Medium,Medium,Data Analysis,35963.29731701118,No,Decline,"35,963.30$"
Product Manager,Healthcare,Medium,Singapore,High,High,Communication,99311.68033082064,No,Growth,"99,311.68$"
Sales Manager,Energy,Small,Singapore,Low,High,Sales,116857.48425898825,Yes,Stable,"116,857.48$"
Marketing Specialist,Energy,Large,Tokyo,Medium,High,Data Analysis,97932.60009198709,Yes,Growth,"97,932.60$"
Software Engineer,Transportation,Small,Singapore,Medium,Low,Data Analysis,63722.77084045245,No,Growth,"63,722.77$"
Marketing Specialist,Energy,Medium,Berlin,Low,Low,Communication,73964.25694581997,Yes,Stable,"73,964.26$"
UX Designer,Finance,Medium,San Francisco,Low,Medium,Cybersecurity,41396.15745687459,No,Decline,"41,396.16$"
UX Designer,Education,Medium,Sydney,Low,Medium,Data Analysis,109578.48013730848,Yes,Growth,"109,578.48$"
HR Manager,Technology,Medium,Berlin,Medium,High,Marketing,69869.7341458084,Yes,Growth,"69,869.73$"
UX Designer,Transportation,Medium,Sydney,High,High,Project Management,89425.82819575544,No,Decline,"89,425.83$"
Data Scientist,Technology,Small,London,Medium,High,Cybersecurity,86925.2485534556,No,Decline,"86,925.25$"
AI Researcher,Entertainment,Small,Sydney,High,Medium,Marketing,119754.54071316532,No,Stable,"119,754.54$"
Sales Manager,Technology,Small,San Francisco,Medium,Low,Cybersecurity,91705.62635931476,No,Stable,"91,705.63$"
Marketing Specialist,Technology,Small,San Francisco,Medium,Low,Marketing,106177.8584021202,No,Stable,"106,177.86$"
AI Researcher,Transportation,Medium,Singapore,Low,High,Sales,100929.27528295324,Yes,Decline,"100,929.28$"
Cybersecurity Analyst,Healthcare,Large,Toronto,High,High,Marketing,117188.22839922798,Yes,Growth,"117,188.23$"
Software Engineer,Manufacturing,Small,London,Medium,High,Machine Learning,85217.52610994082,Yes,Growth,"85,217.53$"
Data Scientist,Energy,Large,New York,Medium,High,Marketing,127392.30661009034,No,Stable,"127,392.31$"
Marketing Specialist,Energy,Small,Dubai,Low,Medium,Python,50286.7568720137,No,Decline,"50,286.76$"
AI Researcher,Finance,Small,Sydney,Low,Low,Python,107149.46996002473,No,Growth,"107,149.47$"
Software Engineer,Transportation,Large,Toronto,High,High,UX/UI Design,72667.60782671736,No,Stable,"72,667.61$"
HR Manager,Finance,Medium,Singapore,Medium,Medium,Machine Learning,80145.00894440095,No,Growth,"80,145.01$"
Data Scientist,Education,Small,Tokyo,High,High,Machine Learning,101388.28533802072,No,Growth,"101,388.29$"
Data Scientist,Education,Small,New York,Medium,High,Project Management,101228.04099695486,Yes,Decline,"101,228.04$"
HR Manager,Finance,Small,Paris,High,Low,Machine Learning,102128.56027380144,Yes,Decline,"102,128.56$"
Sales Manager,Transportation,Large,Toronto,Low,High,Project Management,62276.84111789524,Yes,Growth,"62,276.84$"
HR Manager,Finance,Medium,Tokyo,Medium,Low,UX/UI Design,118980.6046255848,Yes,Stable,"118,980.60$"
Data Scientist,Energy,Large,London,High,Low,UX/UI Design,71987.05763544649,Yes,Decline,"71,987.06$"
Data Scientist,Telecommunications,Large,Singapore,Low,Low,Sales,74654.25819549602,No,Growth,"74,654.26$"
AI Researcher,Retail,Medium,New York,Low,Medium,Python,102757.93476333655,No,Decline,"102,757.93$"
UX Designer,Technology,Large,New York,High,Medium,Marketing,84265.57650477519,No,Decline,"84,265.58$"
Software Engineer,Retail,Medium,New York,Medium,Low,Marketing,96165.21681124983,No,Decline,"96,165.22$"
HR Manager,Transportation,Small,London,Medium,High,Communication,46867.98606734424,No,Growth,"46,867.99$"
Software Engineer,Retail,Medium,Sydney,Low,Low,Communication,95686.48899038463,No,Stable,"95,686.49$"
HR Manager,Education,Small,Paris,Medium,High,JavaScript,94356.6375902443,Yes,Stable,"94,356.64$"
Cybersecurity Analyst,Entertainment,Large,London,Medium,Low,Cybersecurity,79802.82924471433,No,Stable,"79,802.83$"
Data Scientist,Technology,Large,Dubai,Medium,High,Sales,48518.48080470421,No,Decline,"48,518.48$"
UX Designer,Manufacturing,Small,Paris,Low,Medium,JavaScript,85743.8347703679,No,Growth,"85,743.83$"
AI Researcher,Transportation,Large,San Francisco,High,High,JavaScript,89252.52280402774,No,Decline,"89,252.52$"
UX Designer,Technology,Medium,Singapore,Medium,Low,Data Analysis,82655.4201933901,Yes,Stable,"82,655.42$"
UX Designer,Retail,Small,London,Low,Medium,Data Analysis,53276.51071135004,Yes,Stable,"53,276.51$"
UX Designer,Education,Large,Tokyo,Low,High,JavaScript,121894.68014633832,No,Growth,"121,894.68$"
Software Engineer,Healthcare,Small,Paris,High,High,Machine Learning,77222.76944111254,Yes,Decline,"77,222.77$"
HR Manager,Telecommunications,Medium,Dubai,Medium,High,Cybersecurity,85555.90674154198,Yes,Stable,"85,555.91$"
Operations Manager,Manufacturing,Medium,San Francisco,Medium,High,Sales,41810.51357563419,No,Growth,"41,810.51$"
Cybersecurity Analyst,Telecommunications,Large,Sydney,High,High,JavaScript,121897.10697396414,No,Decline,"121,897.11$"
Marketing Specialist,Technology,Medium,Tokyo,High,Medium,Marketing,80669.00136531888,No,Decline,"80,669.00$"
UX Designer,Education,Small,Paris,Low,Medium,Cybersecurity,91969.25634148406,No,Stable,"91,969.26$"
Sales Manager,Education,Medium,Singapore,Low,Medium,Data Analysis,112414.74889633304,No,Stable,"112,414.75$"
Software Engineer,Retail,Small,Tokyo,High,Medium,Marketing,76473.91590566748,Yes,Decline,"76,473.92$"
AI Researcher,Energy,Small,San Francisco,Medium,Low,Data Analysis,109264.89974773087,No,Decline,"109,264.90$"
Marketing Specialist,Retail,Medium,Tokyo,Low,Medium,Data Analysis,48773.49088117717,No,Stable,"48,773.49$"
Operations Manager,Energy,Large,Berlin,Low,High,Cybersecurity,101019.73315142626,No,Decline,"101,019.73$"
Sales Manager,Energy,Medium,Toronto,Medium,High,Data Analysis,121444.84333039304,Yes,Stable,"121,444.84$"
Operations Manager,Manufacturing,Small,Sydney,Low,Medium,UX/UI Design,78391.66305563941,No,Decline,"78,391.66$"
Marketing Specialist,Retail,Small,San Francisco,Medium,High,Python,112377.63240596798,No,Stable,"112,377.63$"
UX Designer,Healthcare,Medium,Tokyo,Medium,Medium,UX/UI Design,126678.45304387566,No,Growth,"126,678.45$"
Sales Manager,Finance,Large,Toronto,Medium,High,Python,84903.16323891962,Yes,Stable,"84,903.16$"
Operations Manager,Finance,Large,Toronto,High,Low,Communication,83249.43428300279,No,Stable,"83,249.43$"
AI Researcher,Retail,Small,Tokyo,High,Low,Communication,72034.12508335392,No,Growth,"72,034.13$"
HR Manager,Retail,Small,Singapore,High,Medium,Data Analysis,79805.39689629733,No,Decline,"79,805.40$"
Data Scientist,Telecommunications,Large,Berlin,Medium,Medium,Sales,73692.80219454759,Yes,Growth,"73,692.80$"
HR Manager,Manufacturing,Medium,London,Medium,Medium,Sales,72017.77803145545,No,Stable,"72,017.78$"
Marketing Specialist,Retail,Small,Berlin,High,High,Python,113976.70593422712,No,Decline,"113,976.71$"
Software Engineer,Telecommunications,Small,Tokyo,Low,Medium,Marketing,74201.47949423481,No,Growth,"74,201.48$"
Data Scientist,Energy,Large,Sydney,Medium,Low,Cybersecurity,95170.43829439246,Yes,Decline,"95,170.44$"
Cybersecurity Analyst,Education,Medium,London,Low,High,Data Analysis,90764.66870432477,No,Decline,"90,764.67$"
AI Researcher,Education,Large,San Francisco,Low,Medium,Cybersecurity,119961.89125142244,No,Growth,"119,961.89$"
Cybersecurity Analyst,Energy,Medium,Berlin,Medium,High,UX/UI Design,79936.87535889974,No,Decline,"79,936.88$"
Sales Manager,Transportation,Medium,Tokyo,Medium,High,Sales,97622.96093308643,Yes,Growth,"97,622.96$"
Data Scientist,Telecommunications,Medium,Berlin,Low,Medium,Machine Learning,105821.3940455222,Yes,Stable,"105,821.39$"
Cybersecurity Analyst,Telecommunications,Small,London,Low,High,UX/UI Design,119794.99214641162,No,Decline,"119,794.99$"
Cybersecurity Analyst,Energy,Large,Dubai,High,Low,UX/UI Design,79644.93309909466,Yes,Stable,"79,644.93$"
Operations Manager,Healthcare,Large,Paris,High,Low,Python,77642.1506253524,Yes,Stable,"77,642.15$"
HR Manager,Entertainment,Medium,Berlin,Medium,High,Project Management,68764.37892079895,Yes,Decline,"68,764.38$"
